{
  "Players": [
    {
      "PlayerID": "Player_jtr9d4ubmoe94",
      "personalInformation": {
        "name": "New Player",
        "height": 170,
        "order": 0
      },
      "position": {
        "x": 0.470317959541251,
        "y": 4.440892098500626e-15,
        "z": 2.595383258179311
      },
      "keys": [
        {
          "motif": {
            "MotifID": "Motif_jtr9d3wquuooa",
            "name": "motif1",
            "_isActive": false,
            "start": 0,
            "end": 2,
            "guides": []
          },
          "MotifID": "Motif_jtr9d3wquuooa",
          "position": {
            "x": 0.5062801488556268,
            "y": 4.440892098500626e-15,
            "z": 2.5612981026181085,
            "ease": {
              "_func": null,
              "_type": 2,
              "_power": 0,
              "_params": [
                0,
                0,
                1,
                1
              ]
            }
          },
          "rotation": {
            "x": 0,
            "y": 3.141592653589793,
            "z": 0,
            "ease": {
              "_func": null,
              "_type": 2,
              "_power": 0,
              "_params": [
                0,
                0,
                1,
                1
              ]
            }
          },
          "stepCount": 3
        },
        {
          "motif": {
            "MotifID": "Motif_jtr9d3wqyv5z9",
            "name": "motif2",
            "_isActive": true,
            "start": 6,
            "end": 8,
            "guides": []
          },
          "MotifID": "Motif_jtr9d3wqyv5z9",
          "position": {
            "x": 0.470317959541251,
            "y": 4.440892098500626e-15,
            "z": 2.595383258179311,
            "ease": {
              "_func": null,
              "_type": 2,
              "_power": 0,
              "_params": [
                0,
                0,
                1,
                1
              ]
            },
            "startAt": {
              "x": 0.5062801488556268,
              "y": 4.440892098500626e-15,
              "z": 2.5612981026181085,
              "ease": {
                "_func": null,
                "_type": 2,
                "_power": 0,
                "_params": [
                  0,
                  0,
                  1,
                  1
                ]
              }
            },
            "immediateRender": true
          },
          "rotation": {
            "x": 0,
            "y": 3.141592653589793,
            "z": 0,
            "ease": {
              "_func": null,
              "_type": 2,
              "_power": 0,
              "_params": [
                0,
                0,
                1,
                1
              ]
            },
            "startAt": {
              "x": 0,
              "y": 3.141592653589793,
              "z": 0,
              "ease": {
                "_func": null,
                "_type": 2,
                "_power": 0,
                "_params": [
                  0,
                  0,
                  1,
                  1
                ]
              }
            },
            "immediateRender": true
          },
          "stepCount": 3
        }
      ]
    },
    {
      "PlayerID": "Player_jtr9d80hw49m3",
      "personalInformation": {
        "name": "New Player",
        "height": 170,
        "order": 0
      },
      "position": {
        "x": 1.5081549256330626,
        "y": 8.881784197001252e-16,
        "z": 1.5848982833410528
      },
      "keys": [
        {
          "motif": {
            "MotifID": "Motif_jtr9d3wquuooa",
            "name": "motif1",
            "_isActive": false,
            "start": 0,
            "end": 2,
            "guides": []
          },
          "MotifID": "Motif_jtr9d3wquuooa",
          "position": {
            "x": 1.486101427064175,
            "y": 1.7763568394002505e-15,
            "z": 1.623292263314955,
            "ease": {
              "_func": null,
              "_type": 2,
              "_power": 0,
              "_params": [
                0,
                0,
                1,
                1
              ]
            }
          },
          "rotation": {
            "x": 0,
            "y": 3.141592653589793,
            "z": 0,
            "ease": {
              "_func": null,
              "_type": 2,
              "_power": 0,
              "_params": [
                0,
                0,
                1,
                1
              ]
            }
          },
          "stepCount": 3
        },
        {
          "motif": {
            "MotifID": "Motif_jtr9d3wqyv5z9",
            "name": "motif2",
            "_isActive": true,
            "start": 6,
            "end": 8,
            "guides": []
          },
          "MotifID": "Motif_jtr9d3wqyv5z9",
          "position": {
            "x": 1.5081549256330626,
            "y": 8.881784197001252e-16,
            "z": 1.5848982833410528,
            "ease": {
              "_func": null,
              "_type": 2,
              "_power": 0,
              "_params": [
                0,
                0,
                1,
                1
              ]
            },
            "startAt": {
              "x": 1.486101427064175,
              "y": 1.7763568394002505e-15,
              "z": 1.623292263314955,
              "ease": {
                "_func": null,
                "_type": 2,
                "_power": 0,
                "_params": [
                  0,
                  0,
                  1,
                  1
                ]
              }
            },
            "immediateRender": true
          },
          "rotation": {
            "x": 0,
            "y": 3.141592653589793,
            "z": 0,
            "ease": {
              "_func": null,
              "_type": 2,
              "_power": 0,
              "_params": [
                0,
                0,
                1,
                1
              ]
            },
            "startAt": {
              "x": 0,
              "y": 3.141592653589793,
              "z": 0,
              "ease": {
                "_func": null,
                "_type": 2,
                "_power": 0,
                "_params": [
                  0,
                  0,
                  1,
                  1
                ]
              }
            },
            "immediateRender": true
          },
          "stepCount": 3
        }
      ]
    },
    {
      "PlayerID": "Player_jtr9d9kgy5p66",
      "personalInformation": {
        "name": "New Player",
        "height": 170,
        "order": 0
      },
      "position": {
        "x": 2.4967612345452315,
        "y": 8.881784197001252e-16,
        "z": 2.4460611448034495
      },
      "keys": [
        {
          "motif": {
            "MotifID": "Motif_jtr9d3wquuooa",
            "name": "motif1",
            "_isActive": false,
            "start": 0,
            "end": 2,
            "guides": []
          },
          "MotifID": "Motif_jtr9d3wquuooa",
          "position": {
            "x": 2.3900521954678906,
            "y": -8.881784197001252e-16,
            "z": 0.5470773788651808,
            "ease": {
              "_func": null,
              "_type": 2,
              "_power": 0,
              "_params": [
                0,
                0,
                1,
                1
              ]
            }
          },
          "rotation": {
            "x": 0,
            "y": 3.141592653589793,
            "z": 0,
            "ease": {
              "_func": null,
              "_type": 2,
              "_power": 0,
              "_params": [
                0,
                0,
                1,
                1
              ]
            }
          },
          "stepCount": 3
        },
        {
          "motif": {
            "MotifID": "Motif_jtr9d3wqyv5z9",